{
  "mean": -9.995506144565818,
  "std": 15.109879697188047,
  "n_mels": 80,
  "sample_rate": 16000
}